elapsed_episodes,handled_experiences,winrate
800,8631,0.12871287128712872
1700,13664,0.19
2600,19200,0.23529411764705882
3500,24123,0.32673267326732675
4400,28252,0.37
5300,31922,0.43137254901960786
6200,35308,0.45
7100,38735,0.49019607843137253
8000,42084,0.43
8900,45473,0.5096153846153846
