elapsed_episodes,handled_experiences,winrate
800,7473,0.20192307692307693
1700,13756,0.2912621359223301
2600,19185,0.49
3500,24117,0.5544554455445545
