elapsed_episodes,handled_experiences,winrate
800,7845,0.15
1700,14610,0.2376237623762376
2600,20763,0.28
3500,26782,0.33653846153846156
4400,32793,0.3431372549019608
5300,38855,0.39
6200,44717,0.38235294117647056
7100,50521,0.47058823529411764
8000,56227,0.3592233009708738
8900,61810,0.4752475247524752
9800,67431,0.37254901960784315
10700,72898,0.41
11600,78227,0.54
