elapsed_episodes,handled_experiences,winrate
800,8028,0.23
1700,15352,0.18811881188118812
2600,22451,0.25
3500,29143,0.297029702970297
4400,35515,0.5048543689320388
