elapsed_episodes,handled_experiences,winrate
800,7498,0.1485148514851485
1700,13464,0.26
2600,19490,0.3465346534653465
3500,25033,0.47058823529411764
4400,30138,0.45544554455445546
5300,35305,0.39215686274509803
6200,39513,0.5742574257425742
