elapsed_episodes,handled_experiences,winrate
800,6001,0.12871287128712872
1700,12620,0.29
2600,18539,0.26
3500,24416,0.36
4400,29986,0.44761904761904764
5300,35597,0.49
6200,41265,0.4752475247524752
7100,46912,0.5346534653465347
