elapsed_episodes,handled_experiences,winrate
800,9469,0.0891089108910891
1700,16707,0.2
2600,22805,0.3
3500,28581,0.37254901960784315
4400,33460,0.3069306930693069
5300,37310,0.38613861386138615
6200,40725,0.46534653465346537
7100,44097,0.4019607843137255
8000,47513,0.46534653465346537
8900,50883,0.45098039215686275
9800,54213,0.5333333333333333
