elapsed_episodes,handled_experiences,winrate
800,8187,0.15841584158415842
1700,13526,0.19
2600,18820,0.2980769230769231
3500,24157,0.33
4400,28946,0.45
5300,32875,0.5686274509803921
