elapsed_episodes,handled_experiences,winrate
798,6396,0.09433962264150944
1695,13528,0.13
2592,20357,0.2403846153846154
3489,26986,0.25
4386,33702,0.2815533980582524
5283,39802,0.3137254901960784
6180,46321,0.4423076923076923
7077,52148,0.4528301886792453
7974,58094,0.44660194174757284
8871,63904,0.4752475247524752
9768,69810,0.5377358490566038
