elapsed_episodes,handled_experiences,winrate
798,6950,0.05825242718446602
1695,13325,0.1509433962264151
2592,19355,0.19607843137254902
3489,25546,0.22330097087378642
4386,31677,0.34951456310679613
5283,37772,0.3592233009708738
6180,43960,0.45544554455445546
7077,50139,0.5196078431372549
