elapsed_episodes,handled_experiences,winrate
798,8038,0.06862745098039216
1695,15629,0.2621359223300971
2592,22450,0.27
3489,28897,0.28846153846153844
4386,35148,0.40186915887850466
5283,41004,0.25252525252525254
6180,46907,0.32673267326732675
7077,52694,0.4752475247524752
7974,58179,0.42718446601941745
8871,63806,0.34615384615384615
9768,69355,0.4807692307692308
10665,74640,0.4563106796116505
11562,80065,0.5188679245283019
