elapsed_episodes,handled_experiences,winrate
800,7324,0.0891089108910891
1700,14235,0.24509803921568626
2600,20598,0.49019607843137253
3500,26755,0.43564356435643564
4400,32880,0.41346153846153844
5300,38466,0.3883495145631068
6200,43914,0.46153846153846156
7100,49440,0.47
8000,54689,0.44554455445544555
8900,59979,0.49504950495049505
9800,65104,0.5339805825242718
