elapsed_episodes,handled_experiences,winrate
798,8114,0.11428571428571428
1695,14828,0.05357142857142857
2592,21006,0.27884615384615385
3489,26445,0.30097087378640774
4386,31888,0.3523809523809524
5283,37373,0.38235294117647056
6180,42623,0.46534653465346537
7077,47657,0.48
7974,52671,0.47
8871,57690,0.5
