elapsed_episodes,handled_experiences,winrate
798,8493,0.06666666666666667
1695,14758,0.22772277227722773
2592,20564,0.28
3489,26090,0.33663366336633666
4386,31480,0.3106796116504854
5283,36784,0.4811320754716981
6180,41886,0.29523809523809524
7077,46847,0.42718446601941745
7974,51761,0.36893203883495146
8871,56639,0.4230769230769231
9768,61564,0.5098039215686274
