elapsed_episodes,handled_experiences,winrate
800,8109,0.2
1700,14490,0.25
2600,20415,0.3465346534653465
3500,26145,0.37
4400,31573,0.49
5300,36879,0.47
6200,41792,0.5098039215686274
