elapsed_episodes,handled_experiences,winrate
800,9127,0.14
1700,14797,0.15841584158415842
2600,19741,0.28431372549019607
3500,23868,0.4519230769230769
4400,27618,0.37
5300,31090,0.40594059405940597
6200,34598,0.42
7100,38071,0.47115384615384615
8000,41580,0.4803921568627451
8900,45059,0.5490196078431373
