elapsed_episodes,handled_experiences,winrate
800,6735,0.11
1700,12823,0.12745098039215685
2600,19119,0.25
3500,25942,0.1650485436893204
4400,32294,0.3
5300,37750,0.27722772277227725
6200,42935,0.31
7100,47775,0.39215686274509803
8000,52599,0.33
8900,57817,0.3431372549019608
9800,62801,0.4117647058823529
10700,67885,0.36633663366336633
11600,73289,0.504950495049505
