elapsed_episodes,handled_experiences,winrate
800,7110,0.12
1700,14115,0.15841584158415842
2600,20311,0.30097087378640774
3500,26533,0.38613861386138615
4400,32345,0.4019607843137255
5300,37648,0.4230769230769231
6200,42597,0.5
