elapsed_episodes,handled_experiences,winrate
800,7346,0.07
1700,15344,0.16
2600,23149,0.23
3500,31096,0.17
4400,37686,0.21568627450980393
5300,43339,0.25
6200,48434,0.39
7100,53257,0.32
8000,58493,0.32673267326732675
8900,63597,0.43
9800,68880,0.39
10700,73839,0.37623762376237624
11600,79339,0.40594059405940597
12500,84645,0.39215686274509803
13400,90146,0.42
14300,95505,0.49
15200,100710,0.46
16100,105774,0.4158415841584158
17000,110837,0.5
