elapsed_episodes,handled_experiences,winrate
800,6804,0.12
1700,11077,0.26732673267326734
2600,15048,0.32
3500,19096,0.39215686274509803
4400,23307,0.5841584158415841
