elapsed_episodes,handled_experiences,winrate
800,6738,0.2376237623762376
1700,12685,0.3137254901960784
2600,18335,0.47058823529411764
3500,23901,0.5588235294117647
