elapsed_episodes,handled_experiences,winrate
800,9244,0.12871287128712872
1700,17104,0.22772277227722773
2600,24347,0.26732673267326734
3500,31082,0.36633663366336633
4400,37435,0.46078431372549017
5300,43453,0.47
6200,49851,0.39603960396039606
7100,55913,0.47
8000,61940,0.5490196078431373
