elapsed_episodes,handled_experiences,winrate
800,7578,0.16666666666666666
1700,13668,0.2
2600,18185,0.34951456310679613
3500,21968,0.4158415841584158
4400,25464,0.5096153846153846
