elapsed_episodes,handled_experiences,winrate
800,7228,0.13
1700,12331,0.3069306930693069
2600,17039,0.39603960396039606
3500,20570,0.40594059405940597
4400,23992,0.4857142857142857
5300,27344,0.5
