elapsed_episodes,handled_experiences,winrate
798,8322,0.1188118811881188
1695,15088,0.297029702970297
2592,22064,0.25961538461538464
3489,28991,0.3883495145631068
4386,35589,0.33980582524271846
5283,41864,0.3786407766990291
6180,48363,0.3883495145631068
7077,54987,0.5
