elapsed_episodes,handled_experiences,winrate
800,7619,0.14705882352941177
1700,13627,0.31
2600,19072,0.42
3500,23582,0.49
4400,28631,0.36
5300,32365,0.6346153846153846
