elapsed_episodes,handled_experiences,winrate
800,8347,0.15841584158415842
1700,15088,0.18811881188118812
2600,21656,0.2912621359223301
3500,27937,0.27
4400,33919,0.44660194174757284
5300,39624,0.33663366336633666
6200,45105,0.45
7100,51166,0.52
