elapsed_episodes,handled_experiences,winrate
800,8726,0.04950495049504951
1700,14024,0.22
2600,19061,0.23
3500,24045,0.34
4400,28235,0.4
5300,32287,0.39
6200,36158,0.44
7100,40091,0.43
8000,43982,0.5544554455445545
