elapsed_episodes,handled_experiences,winrate
798,8285,0.07692307692307693
1695,16477,0.09433962264150944
2401,23664,0.1619047619047619
3298,31272,0.21212121212121213
4195,39022,0.27184466019417475
5092,46698,0.2727272727272727
5989,53784,0.29
6886,61720,0.3106796116504854
7783,68967,0.38
8680,76134,0.41284403669724773
9577,83053,0.46601941747572817
10474,89806,0.34
11371,96787,0.3883495145631068
12268,103653,0.44554455445544555
13165,110695,0.5188679245283019
