elapsed_episodes,handled_experiences,winrate
798,7365,0.08823529411764706
1695,14508,0.15454545454545454
2592,21242,0.3173076923076923
3489,27745,0.3235294117647059
4386,33909,0.37142857142857144
5283,39999,0.40384615384615385
6180,45809,0.38461538461538464
7077,51666,0.48514851485148514
7974,57317,0.4766355140186916
8871,62729,0.5252525252525253
