elapsed_episodes,handled_experiences,winrate
800,6818,0.13861386138613863
1700,14451,0.19
2600,22054,0.19
3500,29504,0.21782178217821782
4400,36379,0.42
5300,42655,0.3627450980392157
6200,48902,0.22772277227722773
7100,55709,0.4
8000,62737,0.43
8900,69330,0.3465346534653465
9800,76201,0.45544554455445546
10700,83374,0.5
