elapsed_episodes,handled_experiences,winrate
798,6966,0.04854368932038835
1695,14577,0.17592592592592593
2592,21104,0.1941747572815534
3489,26957,0.29
4386,32520,0.36893203883495146
5283,38254,0.4854368932038835
6180,43895,0.46226415094339623
7077,49079,0.49
7974,53960,0.4423076923076923
8871,58846,0.5544554455445545
