elapsed_episodes,handled_experiences,winrate
800,8053,0.15
1700,14824,0.15
2600,20710,0.297029702970297
3500,27073,0.3137254901960784
4400,33554,0.36893203883495146
5300,40101,0.38
6200,46108,0.35
7100,52429,0.40594059405940597
8000,58799,0.43564356435643564
8900,65290,0.4411764705882353
9800,71656,0.4803921568627451
10700,77965,0.37
11600,84017,0.37
12500,90014,0.52
