elapsed_episodes,handled_experiences,winrate
800,8647,0.13861386138613863
1700,16596,0.17475728155339806
2600,23649,0.2
3500,30747,0.23
4400,38104,0.297029702970297
5300,45758,0.23
6200,53096,0.37
7100,60021,0.31
8000,67478,0.4
8900,73961,0.3465346534653465
9800,80434,0.47058823529411764
10700,87294,0.4019607843137255
11600,93523,0.4752475247524752
12500,99929,0.49019607843137253
13400,105593,0.32673267326732675
14300,112220,0.39215686274509803
15200,117992,0.51
