elapsed_episodes,handled_experiences,winrate
798,7996,0.14563106796116504
1695,14389,0.23529411764705882
2592,20517,0.2621359223300971
3489,26363,0.4803921568627451
4386,31818,0.43137254901960786
5283,37303,0.43137254901960786
6180,42674,0.5363636363636364
