elapsed_episodes,handled_experiences,winrate
800,7460,0.1553398058252427
1700,14528,0.1941747572815534
2600,20600,0.3235294117647059
3500,25905,0.31
4400,30353,0.4752475247524752
5300,34304,0.47058823529411764
6200,38073,0.5346534653465347
