elapsed_episodes,handled_experiences,winrate
800,8814,0.1111111111111111
1700,16503,0.27184466019417475
2600,23677,0.21
3500,31188,0.38235294117647056
4400,38299,0.28431372549019607
5300,45406,0.2549019607843137
6200,52429,0.33663366336633666
7100,58725,0.25742574257425743
8000,65122,0.504950495049505
