elapsed_episodes,handled_experiences,winrate
800,7609,0.10891089108910891
1700,13928,0.27
2600,19606,0.3069306930693069
3500,25060,0.32673267326732675
4400,30700,0.29
5300,36234,0.3069306930693069
6200,41857,0.34
7100,47422,0.38613861386138615
8000,52964,0.4
8900,58530,0.38
9800,63895,0.47
10700,69281,0.43
11600,74770,0.37
12500,80353,0.3465346534653465
13400,85584,0.5
