elapsed_episodes,handled_experiences,winrate
800,5948,0.1485148514851485
1700,12408,0.38
2600,18275,0.4158415841584158
3500,23886,0.33
4400,29317,0.46
5300,34425,0.5196078431372549
