elapsed_episodes,handled_experiences,winrate
800,8646,0.10679611650485436
1700,15754,0.08823529411764706
2600,23751,0.2549019607843137
3500,31848,0.375
4400,39509,0.3465346534653465
5300,47271,0.36
6200,54651,0.37254901960784315
7100,62410,0.47
8000,70173,0.41
8900,78258,0.46534653465346537
9800,85800,0.39603960396039606
10700,93380,0.44
11600,101226,0.53
