elapsed_episodes,handled_experiences,winrate
798,7669,0.09803921568627451
1695,14443,0.21212121212121213
2592,20866,0.22
3489,26927,0.2830188679245283
4386,32706,0.5
