elapsed_episodes,handled_experiences,winrate
800,8342,0.27
1700,15482,0.21
2600,21886,0.3431372549019608
3500,28589,0.4563106796116505
4400,35134,0.45
5300,41527,0.40594059405940597
6200,47532,0.40594059405940597
7100,53423,0.4803921568627451
8000,58932,0.49514563106796117
8900,64804,0.44
9800,70257,0.4519230769230769
10700,75471,0.5544554455445545
