elapsed_episodes,handled_experiences,winrate
800,10086,0.11
1700,16972,0.2079207920792079
2600,23008,0.27722772277227725
3500,28007,0.35
4400,32334,0.4019607843137255
5300,36084,0.43564356435643564
6200,39799,0.3235294117647059
7100,43256,0.57
