elapsed_episodes,handled_experiences,winrate
800,8977,0.10679611650485436
1700,15001,0.19801980198019803
2600,21452,0.1941747572815534
3500,27789,0.3627450980392157
4400,34318,0.3235294117647059
5300,39859,0.32
6200,45006,0.43137254901960786
7100,50113,0.4215686274509804
8000,55361,0.37
8900,59992,0.39
9800,64262,0.44660194174757284
10700,68894,0.504950495049505
