elapsed_episodes,handled_experiences,winrate
800,6982,0.1262135922330097
1700,13031,0.29411764705882354
2600,18820,0.45
3500,24448,0.5148514851485149
