elapsed_episodes,handled_experiences,winrate
798,8110,0.12745098039215685
1695,15524,0.19801980198019803
2592,22521,0.14563106796116504
3489,29660,0.27450980392156865
4386,36611,0.4215686274509804
5283,43520,0.375
6180,50432,0.37735849056603776
7077,57417,0.27884615384615385
7974,64098,0.36633663366336633
8871,71402,0.46464646464646464
9768,78460,0.5825242718446602
