elapsed_episodes,handled_experiences,winrate
800,7796,0.0784313725490196
1700,14858,0.33
2600,21325,0.39
3500,27896,0.27358490566037735
4400,34060,0.35
5300,40026,0.46
6200,45633,0.4158415841584158
7100,51204,0.504950495049505
