elapsed_episodes,handled_experiences,winrate
800,8563,0.13861386138613863
1700,15800,0.29
2600,22379,0.32673267326732675
3500,28106,0.3069306930693069
4400,33952,0.48514851485148514
5300,39681,0.44
6200,45305,0.5
