elapsed_episodes,handled_experiences,winrate
800,6559,0.21782178217821782
1700,12502,0.33
2600,17935,0.2857142857142857
3500,23293,0.27
4400,28361,0.5631067961165048
