elapsed_episodes,handled_experiences,winrate
798,7971,0.13592233009708737
1695,14491,0.28846153846153844
2592,20497,0.32
3489,26274,0.38181818181818183
4386,31808,0.37623762376237624
5283,37178,0.4519230769230769
6180,42494,0.49
7077,47703,0.5922330097087378
