elapsed_episodes,handled_experiences,winrate
798,7475,0.05
1695,14708,0.18811881188118812
2592,21649,0.28846153846153844
3489,28225,0.37735849056603776
4386,34823,0.38461538461538464
5283,41229,0.3942307692307692
6180,47754,0.5333333333333333
