elapsed_episodes,handled_experiences,winrate
798,8773,0.08333333333333333
1695,15569,0.2403846153846154
2592,21709,0.34579439252336447
3489,26656,0.34285714285714286
4386,31344,0.4732142857142857
5283,35829,0.5242718446601942
