elapsed_episodes,handled_experiences,winrate
800,6695,0.13861386138613863
1700,12175,0.34
2600,17740,0.5247524752475248
