elapsed_episodes,handled_experiences,winrate
800,7866,0.22549019607843138
1700,14127,0.47
2600,20028,0.46
3500,25214,0.47058823529411764
4400,30321,0.42574257425742573
5300,35132,0.53
