elapsed_episodes,handled_experiences,winrate
798,6526,0.10679611650485436
1695,13599,0.19047619047619047
2592,20923,0.2376237623762376
3489,28246,0.23529411764705882
4386,35271,0.33663366336633666
5283,42569,0.2621359223300971
6180,49758,0.4368932038834951
7077,56952,0.28846153846153844
7974,64279,0.37
8871,71200,0.4117647058823529
9768,78385,0.3333333333333333
10665,85760,0.4811320754716981
11562,93205,0.5196078431372549
