elapsed_episodes,handled_experiences,winrate
798,7369,0.047619047619047616
1695,14548,0.19047619047619047
2592,21633,0.19607843137254902
3489,28734,0.25742574257425743
4386,35778,0.3148148148148148
5283,42603,0.4230769230769231
6180,49589,0.47572815533980584
7077,56616,0.37
7974,63532,0.5148514851485149
