elapsed_episodes,handled_experiences,winrate
800,8391,0.09
1700,15443,0.24752475247524752
2600,21979,0.28
3500,26937,0.297029702970297
4400,30829,0.38613861386138615
5300,34519,0.39215686274509803
6200,37906,0.44554455445544555
7100,41384,0.5643564356435643
