elapsed_episodes,handled_experiences,winrate
800,8405,0.09
1700,16453,0.25742574257425743
2600,23909,0.2403846153846154
3500,30726,0.33653846153846156
4400,37936,0.3465346534653465
5300,44977,0.3069306930693069
6200,51828,0.27722772277227725
7100,58605,0.45544554455445546
8000,65327,0.36633663366336633
8900,72086,0.41
9800,78387,0.504950495049505
