elapsed_episodes,handled_experiences,winrate
800,6972,0.1941747572815534
1700,13713,0.2549019607843137
2600,20356,0.39603960396039606
3500,26677,0.38
4400,32967,0.45
5300,38955,0.504950495049505
