elapsed_episodes,handled_experiences,winrate
798,7823,0.11650485436893204
1695,14360,0.3269230769230769
2592,20383,0.38613861386138615
3489,25951,0.44954128440366975
4386,31340,0.4368932038834951
5283,36451,0.4803921568627451
6180,41761,0.5576923076923077
