elapsed_episodes,handled_experiences,winrate
798,7038,0.0761904761904762
1695,13042,0.3434343434343434
2592,18146,0.36538461538461536
3489,23035,0.5346534653465347
