elapsed_episodes,handled_experiences,winrate
798,7537,0.09900990099009901
1695,13400,0.20388349514563106
2592,19963,0.3434343434343434
3489,25872,0.35
4386,31500,0.5047619047619047
