elapsed_episodes,handled_experiences,winrate
800,7235,0.12
1700,15306,0.15
2600,22987,0.18627450980392157
3500,28821,0.27722772277227725
4400,34323,0.28431372549019607
5300,39608,0.3
6200,44596,0.45544554455445546
7100,49308,0.504950495049505
