elapsed_episodes,handled_experiences,winrate
800,8233,0.14
1700,16280,0.24
2600,23853,0.3047619047619048
3500,31724,0.36633663366336633
4400,39218,0.35
5300,46098,0.4
6200,52802,0.35294117647058826
7100,59568,0.4019607843137255
8000,66272,0.38
8900,72937,0.46
9800,79826,0.46601941747572817
10700,86512,0.38613861386138615
11600,93294,0.5
