elapsed_episodes,handled_experiences,winrate
800,7437,0.17
1700,12080,0.19
2600,16285,0.3592233009708738
3500,19915,0.38235294117647056
4400,23464,0.4230769230769231
5300,26817,0.5436893203883495
