elapsed_episodes,handled_experiences,winrate
798,7117,0.04950495049504951
1695,13803,0.11538461538461539
2592,19993,0.16037735849056603
3489,25739,0.24761904761904763
4386,32033,0.3137254901960784
5283,37962,0.31683168316831684
6180,43736,0.3076923076923077
7077,49606,0.27522935779816515
7974,55409,0.46464646464646464
8871,61132,0.45544554455445546
9768,66734,0.44
10665,72257,0.3867924528301887
11562,77647,0.5
