elapsed_episodes,handled_experiences,winrate
798,8149,0.06666666666666667
1695,14797,0.12121212121212122
2592,21099,0.27450980392156865
3489,26866,0.3333333333333333
4386,32560,0.38235294117647056
5283,38066,0.40384615384615385
6180,43512,0.4666666666666667
7077,48680,0.4803921568627451
7974,53748,0.5151515151515151
