elapsed_episodes,handled_experiences,winrate
800,7007,0.13725490196078433
1700,13794,0.13
2600,20492,0.13861386138613863
3500,26683,0.22
4400,33558,0.31
5300,40202,0.39603960396039606
6200,46961,0.33663366336633666
7100,53824,0.4368932038834951
8000,60639,0.40594059405940597
8900,67442,0.32673267326732675
9800,74069,0.3465346534653465
10700,80990,0.39
11600,87891,0.43137254901960786
12500,94636,0.4
13400,101461,0.3
14300,108367,0.47
15200,115128,0.5294117647058824
