elapsed_episodes,handled_experiences,winrate
800,8173,0.17
1700,15195,0.1782178217821782
2600,22029,0.2692307692307692
3500,28865,0.28
4400,35283,0.32673267326732675
5300,41466,0.35
6200,47830,0.4368932038834951
7100,53917,0.49
8000,60081,0.47572815533980584
8900,66147,0.43564356435643564
9800,72011,0.5904761904761905
