elapsed_episodes,handled_experiences,winrate
800,7443,0.19
1700,12649,0.2871287128712871
2600,17828,0.38
3500,23032,0.3431372549019608
4400,28556,0.43564356435643564
5300,33890,0.43564356435643564
6200,38920,0.39
7100,44409,0.3619047619047619
8000,49936,0.37
8900,55361,0.40594059405940597
9800,60829,0.36893203883495146
10700,66176,0.46534653465346537
11600,71927,0.5480769230769231
