elapsed_episodes,handled_experiences,winrate
800,8276,0.1485148514851485
1700,14997,0.3173076923076923
2600,21327,0.39215686274509803
3500,27553,0.38
4400,33720,0.5148514851485149
