elapsed_episodes,handled_experiences,winrate
800,7695,0.13
1700,14553,0.2871287128712871
2600,21836,0.30392156862745096
3500,28911,0.28846153846153844
4400,36526,0.38
5300,44588,0.36633663366336633
6200,52456,0.37623762376237624
7100,60480,0.41509433962264153
8000,68294,0.39603960396039606
8900,76044,0.35
9800,83629,0.39215686274509803
10700,91163,0.33
11600,99063,0.41
12500,106514,0.3465346534653465
13400,114051,0.5480769230769231
