elapsed_episodes,handled_experiences,winrate
800,8102,0.05
1700,14789,0.25
2600,21135,0.3106796116504854
3500,27408,0.49
4400,33285,0.48514851485148514
5300,38256,0.5588235294117647
