elapsed_episodes,handled_experiences,winrate
800,9695,0.09900990099009901
1700,15174,0.21
2600,19839,0.23
3500,23849,0.39603960396039606
4400,27620,0.43137254901960786
5300,31112,0.36633663366336633
6200,34605,0.40594059405940597
7100,37957,0.48
8000,41291,0.37254901960784315
8900,44642,0.6190476190476191
