elapsed_episodes,handled_experiences,winrate
798,7771,0.0970873786407767
1695,14316,0.20754716981132076
2592,20734,0.28431372549019607
3489,26977,0.3333333333333333
4386,33123,0.2815533980582524
5283,39048,0.4095238095238095
6180,44740,0.43137254901960786
7077,50042,0.55
