elapsed_episodes,handled_experiences,winrate
800,6677,0.26732673267326734
1700,13181,0.38235294117647056
2600,19089,0.4158415841584158
3500,24796,0.42574257425742573
4400,30667,0.46534653465346537
5300,36177,0.41
6200,41801,0.5
