elapsed_episodes,handled_experiences,winrate
800,7370,0.11764705882352941
1700,15694,0.21153846153846154
2600,22696,0.37623762376237624
3500,29497,0.37142857142857144
4400,35376,0.39603960396039606
5300,41138,0.39215686274509803
6200,46900,0.43564356435643564
7100,52228,0.42718446601941745
8000,57635,0.44
8900,62605,0.5
