elapsed_episodes,handled_experiences,winrate
800,5605,0.11
1700,10157,0.25
2600,14847,0.13
3500,19466,0.31683168316831684
4400,24365,0.39
5300,29231,0.36633663366336633
6200,34317,0.3523809523809524
7100,39053,0.297029702970297
8000,43707,0.32
8900,48359,0.28
9800,52874,0.32673267326732675
10700,57385,0.37
11600,62042,0.45
12500,66543,0.45544554455445546
13400,71194,0.56
