elapsed_episodes,handled_experiences,winrate
800,7892,0.18811881188118812
1700,12139,0.27184466019417475
2600,15693,0.39805825242718446
3500,19063,0.43137254901960786
4400,22479,0.5
