elapsed_episodes,handled_experiences,winrate
800,5501,0.06
1700,11767,0.10576923076923077
2600,17507,0.15841584158415842
3500,23845,0.12871287128712872
4400,30441,0.17
5300,38875,0.2376237623762376
6200,47143,0.19
7100,54999,0.29
8000,60304,0.29
8900,64998,0.29
9800,69782,0.44
10700,74274,0.32673267326732675
11600,78782,0.33
12500,83047,0.42718446601941745
13400,87414,0.40594059405940597
14300,91741,0.44554455445544555
15200,96106,0.46078431372549017
16100,100655,0.5544554455445545
