elapsed_episodes,handled_experiences,winrate
800,7515,0.09
1700,15195,0.16831683168316833
2600,21826,0.27450980392156865
3500,28003,0.25742574257425743
4400,35103,0.2
5300,42303,0.28
6200,49774,0.32673267326732675
7100,57348,0.3069306930693069
8000,64715,0.42
8900,72174,0.36633663366336633
9800,79325,0.4380952380952381
10700,86604,0.45098039215686275
11600,93802,0.33663366336633666
12500,101104,0.4
13400,108205,0.5196078431372549
