elapsed_episodes,handled_experiences,winrate
800,6262,0.15841584158415842
1700,13818,0.18269230769230768
2600,21723,0.22
3500,28958,0.3465346534653465
4400,35779,0.48514851485148514
5300,41718,0.4019607843137255
6200,47661,0.47
7100,53384,0.48
8000,59010,0.48514851485148514
8900,64437,0.5544554455445545
