elapsed_episodes,handled_experiences,winrate
798,8443,0.07339449541284404
1695,15499,0.08823529411764706
2592,21946,0.27884615384615385
3489,28114,0.3333333333333333
4386,34444,0.37142857142857144
5283,40195,0.38
6180,45867,0.47
7077,51641,0.4326923076923077
7974,57157,0.45714285714285713
8871,62573,0.4752475247524752
9768,67727,0.4380952380952381
10665,72840,0.4056603773584906
11562,78137,0.53
