elapsed_episodes,handled_experiences,winrate
800,8085,0.1568627450980392
1700,14912,0.1188118811881188
2600,21818,0.2815533980582524
3500,28258,0.2641509433962264
4400,34859,0.3300970873786408
5300,41437,0.37623762376237624
6200,47898,0.37
7100,54462,0.41
8000,60928,0.3592233009708738
8900,67176,0.45098039215686275
9800,73163,0.31
10700,79408,0.43137254901960786
11600,85533,0.37254901960784315
12500,91596,0.36
13400,97782,0.46
14300,104048,0.43564356435643564
15200,109872,0.51
