elapsed_episodes,handled_experiences,winrate
798,7152,0.08490566037735849
1695,13307,0.3523809523809524
2592,19033,0.41
3489,24360,0.39215686274509803
4386,29977,0.39805825242718446
5283,35494,0.4857142857142857
6180,40791,0.44660194174757284
7077,46209,0.44660194174757284
7974,51525,0.5728155339805825
