elapsed_episodes,handled_experiences,winrate
800,7113,0.2
1700,12694,0.3333333333333333
2600,17475,0.39
3500,22379,0.2871287128712871
4400,27207,0.5
