elapsed_episodes,handled_experiences,winrate
798,6936,0.08849557522123894
1695,15246,0.08571428571428572
2592,23929,0.2222222222222222
3489,31564,0.2
4386,39713,0.24509803921568626
5283,47240,0.35294117647058826
6180,54730,0.3333333333333333
7077,61897,0.4807692307692308
7974,69063,0.33663366336633666
8871,76667,0.46226415094339623
9768,84004,0.38317757009345793
10665,91736,0.42
11562,99176,0.4423076923076923
12459,106746,0.41
13356,114155,0.5142857142857142
