elapsed_episodes,handled_experiences,winrate
798,7017,0.10679611650485436
1695,14157,0.10891089108910891
2592,21245,0.18446601941747573
3489,28192,0.25961538461538464
4386,35193,0.3619047619047619
5283,42520,0.28431372549019607
6180,49564,0.27184466019417475
7077,56536,0.35
7974,63593,0.3786407766990291
8871,70527,0.5
