elapsed_episodes,handled_experiences,winrate
800,9073,0.10784313725490197
1700,17181,0.27184466019417475
2600,24524,0.45098039215686275
3500,31104,0.36
4400,38058,0.49
5300,44563,0.52
