elapsed_episodes,handled_experiences,winrate
798,7739,0.06481481481481481
1695,15108,0.1588785046728972
2592,22323,0.24761904761904763
3489,29163,0.4158415841584158
4386,35467,0.3786407766990291
5283,41339,0.2912621359223301
6180,47137,0.39805825242718446
7077,52717,0.5
