elapsed_episodes,handled_experiences,winrate
800,8097,0.11
1700,15498,0.23300970873786409
2600,21704,0.4158415841584158
3500,27735,0.38235294117647056
4400,33580,0.49504950495049505
5300,39321,0.42574257425742573
6200,45186,0.45544554455445546
7100,51010,0.5247524752475248
