elapsed_episodes,handled_experiences,winrate
800,7418,0.13
1700,13535,0.16666666666666666
2600,18977,0.3564356435643564
3500,23793,0.4
4400,27781,0.36633663366336633
5300,31616,0.45098039215686275
6200,35862,0.48514851485148514
7100,39571,0.5392156862745098
