elapsed_episodes,handled_experiences,winrate
800,7067,0.1188118811881188
1700,13814,0.21
2600,19545,0.3465346534653465
3500,25870,0.41
4400,30914,0.27722772277227725
5300,35894,0.33980582524271846
6200,40605,0.38
7100,45197,0.36633663366336633
8000,49667,0.3786407766990291
8900,54059,0.4752475247524752
9800,58433,0.49019607843137253
10700,62724,0.37623762376237624
11600,67055,0.48
12500,71404,0.48514851485148514
13400,75776,0.5247524752475248
