elapsed_episodes,handled_experiences,winrate
800,7475,0.09803921568627451
1700,13889,0.21
2600,19739,0.29411764705882354
3500,25697,0.2621359223300971
4400,31567,0.2549019607843137
5300,36466,0.3431372549019608
6200,41564,0.28431372549019607
7100,46424,0.3
8000,51028,0.31
8900,55977,0.3592233009708738
9800,60667,0.49
10700,65537,0.39215686274509803
11600,70270,0.47
12500,75102,0.37623762376237624
13400,79631,0.5436893203883495
