elapsed_episodes,handled_experiences,winrate
798,7254,0.04672897196261682
1695,15396,0.10679611650485436
2592,22836,0.22115384615384615
3489,29731,0.27184466019417475
4386,36278,0.3627450980392157
5283,42694,0.2403846153846154
6180,49292,0.4
7077,55499,0.3173076923076923
7974,61503,0.4
8871,67615,0.43137254901960786
9768,73649,0.3904761904761905
10665,79593,0.47572815533980584
11562,85681,0.5339805825242718
