elapsed_episodes,handled_experiences,winrate
800,6697,0.16
1700,13170,0.19
2600,19035,0.29411764705882354
3500,25079,0.3333333333333333
4400,31282,0.47
5300,36485,0.48
6200,41575,0.5
