elapsed_episodes,handled_experiences,winrate
800,7192,0.07920792079207921
1700,14593,0.17307692307692307
2600,20781,0.12871287128712872
3500,26609,0.1568627450980392
4400,32295,0.31683168316831684
5300,37660,0.2815533980582524
6200,42882,0.3235294117647059
7100,48387,0.2980769230769231
8000,54015,0.42
8900,59102,0.31
9800,64268,0.38613861386138615
10700,69381,0.4803921568627451
11600,74611,0.5
