elapsed_episodes,handled_experiences,winrate
800,8665,0.17647058823529413
1700,17171,0.15841584158415842
2600,25022,0.28
3500,32802,0.27884615384615385
4400,40491,0.3137254901960784
5300,48017,0.29411764705882354
6200,55827,0.2647058823529412
7100,63224,0.42
8000,70454,0.43
8900,78607,0.4158415841584158
9800,86157,0.47
10700,93830,0.38613861386138615
11600,101642,0.36
12500,109058,0.4215686274509804
13400,116609,0.46
14300,124167,0.52
