elapsed_episodes,handled_experiences,winrate
798,7462,0.08256880733944955
1695,14938,0.09615384615384616
2592,21857,0.18095238095238095
3489,28531,0.25742574257425743
4386,35177,0.25471698113207547
5283,41868,0.32038834951456313
6180,48733,0.3333333333333333
7077,55426,0.45098039215686275
7974,61904,0.41346153846153844
8871,68664,0.3883495145631068
9768,75301,0.5769230769230769
