elapsed_episodes,handled_experiences,winrate
798,7833,0.12
1695,15116,0.12264150943396226
2592,22157,0.22115384615384615
3489,28724,0.37254901960784315
4386,35024,0.31683168316831684
5283,41270,0.2871287128712871
6180,47091,0.4174757281553398
7077,52710,0.44554455445544555
7974,58058,0.3425925925925926
8871,63763,0.44660194174757284
9768,69236,0.48514851485148514
10665,74766,0.5384615384615384
