elapsed_episodes,handled_experiences,winrate
800,5965,0.22330097087378642
1700,11395,0.36
2600,17026,0.45
3500,22375,0.49019607843137253
4400,27588,0.6138613861386139
