elapsed_episodes,handled_experiences,winrate
800,7056,0.1568627450980392
1700,13229,0.31
2600,18934,0.39
3500,24160,0.37
4400,29009,0.36633663366336633
5300,33695,0.5196078431372549
