elapsed_episodes,handled_experiences,winrate
798,7560,0.058823529411764705
1695,14038,0.20388349514563106
2592,20224,0.34951456310679613
3489,25710,0.44660194174757284
4386,30700,0.5480769230769231
