elapsed_episodes,handled_experiences,winrate
800,7197,0.12745098039215685
1700,14164,0.25
2600,20524,0.22549019607843138
3500,25920,0.37254901960784315
4400,31364,0.28431372549019607
5300,36365,0.45
6200,41309,0.37623762376237624
7100,46315,0.33663366336633666
8000,51038,0.46601941747572817
8900,55963,0.54
