elapsed_episodes,handled_experiences,winrate
800,8375,0.12
1700,15063,0.35
2600,21668,0.42
3500,28101,0.44
4400,34169,0.3431372549019608
5300,40076,0.5196078431372549
