elapsed_episodes,handled_experiences,winrate
800,8765,0.19
1700,15563,0.29411764705882354
2600,21521,0.40384615384615385
3500,26586,0.41
4400,31155,0.35514018691588783
5300,35760,0.45098039215686275
6200,40447,0.44
7100,44717,0.47
8000,49068,0.35
8900,53341,0.44
9800,57611,0.57
