elapsed_episodes,handled_experiences,winrate
800,7745,0.1262135922330097
1700,14853,0.22772277227722773
2600,21443,0.18811881188118812
3500,27605,0.33663366336633666
4400,33655,0.37254901960784315
5300,39644,0.504950495049505
