elapsed_episodes,handled_experiences,winrate
800,7068,0.11428571428571428
1700,12923,0.24
2600,18028,0.3235294117647059
3500,23118,0.42574257425742573
4400,27881,0.47058823529411764
5300,32650,0.51
