elapsed_episodes,handled_experiences,winrate
800,6296,0.1782178217821782
1700,12819,0.38613861386138615
2600,18428,0.5490196078431373
