elapsed_episodes,handled_experiences,winrate
798,8374,0.12745098039215685
1695,15541,0.2549019607843137
2592,22136,0.3269230769230769
3489,28475,0.24509803921568626
4386,34910,0.36893203883495146
5283,41330,0.5145631067961165
