elapsed_episodes,handled_experiences,winrate
800,6813,0.0784313725490196
1700,13398,0.21
2600,20112,0.27450980392156865
3500,26131,0.3137254901960784
4400,31315,0.4215686274509804
5300,36039,0.44660194174757284
6200,41344,0.45544554455445546
7100,46392,0.6116504854368932
