elapsed_episodes,handled_experiences,winrate
800,7241,0.15
1700,13604,0.3
2600,18999,0.27722772277227725
3500,24670,0.33
4400,30465,0.35
5300,36269,0.44
6200,41954,0.43564356435643564
7100,47783,0.48
8000,53376,0.58
