elapsed_episodes,handled_experiences,winrate
798,8488,0.10784313725490197
1695,15469,0.2647058823529412
2592,22198,0.13592233009708737
3489,28855,0.2524271844660194
4386,35469,0.34285714285714286
5283,41860,0.31
6180,48122,0.39603960396039606
7077,54427,0.40384615384615385
7974,60790,0.3627450980392157
8871,67073,0.46
9768,73203,0.38613861386138615
10665,79581,0.33980582524271846
11562,85971,0.55
