elapsed_episodes,handled_experiences,winrate
800,4827,0.1485148514851485
1700,8893,0.28
2600,13564,0.4174757281553398
3500,19440,0.33
4400,25477,0.48514851485148514
5300,31455,0.52
