elapsed_episodes,handled_experiences,winrate
800,9208,0.08490566037735849
1700,17974,0.21782178217821782
2600,25411,0.2549019607843137
3500,32430,0.28
4400,39145,0.3557692307692308
5300,45628,0.3
6200,52392,0.31
7100,59022,0.21568627450980393
8000,65796,0.39
8900,72234,0.51
