elapsed_episodes,handled_experiences,winrate
800,7743,0.13861386138613863
1700,14639,0.17
2600,20090,0.25742574257425743
3500,24865,0.3883495145631068
4400,29327,0.35
5300,33984,0.36
6200,38328,0.5196078431372549
