elapsed_episodes,handled_experiences,winrate
798,7652,0.08823529411764706
1695,14776,0.22115384615384615
2592,22003,0.23300970873786409
3489,29129,0.26732673267326734
4386,36166,0.2871287128712871
5283,42887,0.3235294117647059
6180,49350,0.4368932038834951
7077,55814,0.43137254901960786
7974,62121,0.4368932038834951
8871,68355,0.5238095238095238
