elapsed_episodes,handled_experiences,winrate
798,7076,0.07766990291262135
1695,14786,0.14814814814814814
2592,21534,0.22115384615384615
3489,28601,0.21568627450980393
4386,35297,0.27184466019417475
5283,42074,0.3939393939393939
6180,48745,0.2897196261682243
7077,55113,0.4166666666666667
7974,61182,0.4215686274509804
8871,67274,0.46153846153846156
9768,73466,0.37254901960784315
10665,79595,0.4215686274509804
11562,85785,0.47619047619047616
12459,91952,0.5247524752475248
