elapsed_episodes,handled_experiences,winrate
800,7200,0.27722772277227725
1700,13196,0.17647058823529413
2600,18641,0.3
3500,24304,0.27722772277227725
4400,29872,0.49
5300,34900,0.5686274509803921
