elapsed_episodes,handled_experiences,winrate
800,8983,0.12871287128712872
1700,18254,0.17
2600,25558,0.21
3500,31849,0.32673267326732675
4400,37287,0.3557692307692308
5300,42681,0.3
6200,48019,0.42
7100,53381,0.47
8000,58168,0.38235294117647056
8900,62875,0.4
9800,67590,0.45
10700,71798,0.49019607843137253
11600,75989,0.37623762376237624
12500,80176,0.39
13400,84129,0.5247524752475248
