elapsed_episodes,handled_experiences,winrate
800,5914,0.1941747572815534
1700,10706,0.3431372549019608
2600,15393,0.4
3500,20347,0.4
4400,25719,0.39215686274509803
5300,31592,0.46601941747572817
6200,37307,0.49504950495049505
7100,43342,0.48
8000,49284,0.5145631067961165
