elapsed_episodes,handled_experiences,winrate
800,7385,0.13
1700,13834,0.33980582524271846
2600,19582,0.4803921568627451
3500,25053,0.504950495049505
