elapsed_episodes,handled_experiences,winrate
800,7351,0.16666666666666666
1700,15458,0.20588235294117646
2600,22799,0.23
3500,29746,0.28431372549019607
4400,36717,0.2376237623762376
5300,43434,0.37
6200,49818,0.27450980392156865
7100,55920,0.45
8000,62022,0.45
8900,68081,0.38613861386138615
9800,73764,0.44554455445544555
10700,79390,0.504950495049505
