elapsed_episodes,handled_experiences,winrate
798,8543,0.08737864077669903
1695,16156,0.12
2592,23016,0.31683168316831684
3489,29182,0.32673267326732675
4386,35744,0.3939393939393939
5283,41693,0.38
6180,47402,0.38317757009345793
7077,53112,0.42857142857142855
7974,58705,0.4174757281553398
8871,64501,0.31683168316831684
9768,70190,0.4090909090909091
10665,75698,0.34615384615384615
11562,81132,0.53
