elapsed_episodes,handled_experiences,winrate
798,7849,0.0660377358490566
1695,14367,0.16822429906542055
2592,20612,0.2871287128712871
3489,26119,0.28431372549019607
4386,31655,0.34
5283,36865,0.38613861386138615
6180,41940,0.5309734513274337
