elapsed_episodes,handled_experiences,winrate
800,6837,0.15
1700,15007,0.18
2600,23572,0.15841584158415842
3500,32324,0.19801980198019803
4400,40747,0.18627450980392157
5300,49382,0.27884615384615385
6200,58075,0.28
7100,66646,0.27
8000,74850,0.33663366336633666
8900,82983,0.34951456310679613
9800,91054,0.41
10700,98993,0.46078431372549017
11600,106947,0.4117647058823529
12500,114689,0.4158415841584158
13400,122632,0.42718446601941745
14300,130269,0.45
15200,138207,0.504950495049505
