elapsed_episodes,handled_experiences,winrate
800,7412,0.2
1700,13480,0.24752475247524752
2600,18526,0.37254901960784315
3500,23213,0.37254901960784315
4400,27808,0.43564356435643564
5300,32216,0.5145631067961165
