elapsed_episodes,handled_experiences,winrate
800,7036,0.13725490196078433
1700,13776,0.24509803921568626
2600,19397,0.4174757281553398
3500,25005,0.5048543689320388
