elapsed_episodes,handled_experiences,winrate
800,6584,0.17647058823529413
1700,13172,0.33653846153846156
2600,19159,0.43
3500,24627,0.43
4400,29937,0.5436893203883495
