elapsed_episodes,handled_experiences,winrate
800,8154,0.1188118811881188
1700,14826,0.18269230769230768
2600,21062,0.2912621359223301
3500,27332,0.3786407766990291
4400,33111,0.3627450980392157
5300,38358,0.46
6200,43703,0.47
7100,48732,0.42
8000,54138,0.54
