elapsed_episodes,handled_experiences,winrate
800,9565,0.18
1700,17572,0.2524271844660194
2600,25393,0.27
3500,32765,0.3
4400,40216,0.37254901960784315
5300,47727,0.51
