elapsed_episodes,handled_experiences,winrate
798,7441,0.1
1695,13563,0.21568627450980393
2592,19813,0.37735849056603776
3489,25461,0.42452830188679247
4386,30927,0.49
5283,35994,0.42718446601941745
6180,41083,0.3904761904761905
7077,46351,0.40186915887850466
7974,51243,0.5428571428571428
