elapsed_episodes,handled_experiences,winrate
798,8411,0.07017543859649122
1695,15049,0.2777777777777778
2592,21209,0.39603960396039606
3489,26897,0.42
4386,32429,0.42574257425742573
5283,38019,0.42718446601941745
6180,43589,0.46
7077,48935,0.49514563106796117
7974,54208,0.4215686274509804
8871,59281,0.3904761904761905
9768,64493,0.58
