elapsed_episodes,handled_experiences,winrate
798,7626,0.06306306306306306
1695,14467,0.1509433962264151
2592,21037,0.27184466019417475
3489,27868,0.25252525252525254
4386,34289,0.25471698113207547
5283,40667,0.4368932038834951
6180,46814,0.2647058823529412
7077,53109,0.41509433962264153
7974,59091,0.5048543689320388
