elapsed_episodes,handled_experiences,winrate
800,7311,0.1188118811881188
1700,13583,0.22772277227722773
2600,19325,0.36
3500,24753,0.38
4400,30163,0.39805825242718446
5300,35535,0.49
6200,40803,0.46
7100,45950,0.49504950495049505
8000,51084,0.4215686274509804
8900,56391,0.5346534653465347
