elapsed_episodes,handled_experiences,winrate
798,7434,0.03
1695,14917,0.14705882352941177
2592,21938,0.20588235294117646
3489,28425,0.2621359223300971
4386,34776,0.31
5283,41300,0.4174757281553398
6180,47572,0.49056603773584906
7077,53379,0.49056603773584906
7974,59496,0.38235294117647056
8871,65484,0.3904761904761905
9768,71639,0.494949494949495
10665,77987,0.5392156862745098
