elapsed_episodes,handled_experiences,winrate
800,8150,0.09
1700,15353,0.16831683168316833
2600,21681,0.25
3500,28557,0.25
4400,35286,0.19607843137254902
5300,41882,0.28
6200,48350,0.32
7100,54754,0.26
8000,61141,0.34615384615384615
8900,67467,0.28431372549019607
9800,73717,0.39
10700,80023,0.36633663366336633
11600,86213,0.4
12500,92219,0.47572815533980584
13400,98252,0.52
