elapsed_episodes,handled_experiences,winrate
800,6366,0.09900990099009901
1700,13914,0.13861386138613863
2600,22073,0.2376237623762376
3500,30075,0.25742574257425743
4400,38515,0.27450980392156865
5300,45706,0.3
6200,52774,0.36
7100,58935,0.36633663366336633
8000,63961,0.42574257425742573
8900,69306,0.4
9800,74391,0.3883495145631068
10700,79099,0.46601941747572817
11600,83849,0.46
12500,88814,0.3269230769230769
13400,93660,0.4752475247524752
14300,99165,0.47
15200,103737,0.58
