elapsed_episodes,handled_experiences,winrate
800,8220,0.1509433962264151
1700,14278,0.22549019607843138
2600,20039,0.26
3500,24723,0.36633663366336633
4400,28776,0.44
5300,32448,0.42
6200,35841,0.33663366336633666
7100,39216,0.5490196078431373
