elapsed_episodes,handled_experiences,winrate
800,8995,0.17475728155339806
1700,15592,0.25742574257425743
2600,21050,0.32
3500,26493,0.3564356435643564
4400,31456,0.4158415841584158
5300,36243,0.47058823529411764
6200,40971,0.48514851485148514
7100,45743,0.5148514851485149
