elapsed_episodes,handled_experiences,winrate
800,6527,0.12871287128712872
1700,13193,0.15
2600,19788,0.38
3500,26272,0.4019607843137255
4400,32576,0.39215686274509803
5300,38662,0.39
6200,44669,0.44554455445544555
7100,50537,0.37
8000,56544,0.47
8900,62308,0.46153846153846156
9800,68278,0.38
10700,74091,0.5247524752475248
