elapsed_episodes,handled_experiences,winrate
798,8341,0.028037383177570093
1695,15267,0.11650485436893204
2592,21401,0.2524271844660194
3489,27589,0.28846153846153844
4386,33118,0.3619047619047619
5283,38177,0.40594059405940597
6180,42902,0.46078431372549017
7077,47520,0.44761904761904764
7974,52316,0.47474747474747475
8871,56964,0.4528301886792453
9768,61521,0.5
