elapsed_episodes,handled_experiences,winrate
800,7584,0.17647058823529413
1700,14576,0.18627450980392157
2600,20951,0.21782178217821782
3500,26970,0.24752475247524752
4400,33014,0.3465346534653465
5300,39013,0.45098039215686275
6200,44978,0.47
7100,50824,0.43
8000,56491,0.5588235294117647
