elapsed_episodes,handled_experiences,winrate
800,7463,0.1262135922330097
1700,14281,0.13861386138613863
2600,20754,0.375
3500,26220,0.34
4400,32011,0.33980582524271846
5300,37369,0.42
6200,42631,0.3883495145631068
7100,47870,0.36633663366336633
8000,52779,0.42718446601941745
8900,57542,0.57
