elapsed_episodes,handled_experiences,winrate
800,7847,0.17307692307692307
1700,15174,0.24509803921568626
2600,23044,0.21359223300970873
3500,31108,0.24271844660194175
4400,39178,0.3627450980392157
5300,46833,0.3883495145631068
6200,54403,0.28
7100,61754,0.37623762376237624
8000,69150,0.41
8900,76364,0.33
9800,83486,0.45
10700,90825,0.45544554455445546
11600,98103,0.49019607843137253
12500,105183,0.5196078431372549
