elapsed_episodes,handled_experiences,winrate
800,6443,0.08
1700,12728,0.24271844660194175
2600,18461,0.2376237623762376
3500,24246,0.3235294117647059
4400,30611,0.32
5300,36834,0.3069306930693069
6200,42759,0.27450980392156865
7100,48583,0.40594059405940597
8000,54168,0.38613861386138615
8900,59534,0.48
9800,64745,0.3564356435643564
10700,70131,0.5686274509803921
