elapsed_episodes,handled_experiences,winrate
800,8236,0.12
1700,15891,0.23
2600,23790,0.28431372549019607
3500,31023,0.37623762376237624
4400,38274,0.48
5300,45519,0.43564356435643564
6200,52924,0.53
