elapsed_episodes,handled_experiences,winrate
800,7037,0.13
1700,13728,0.18
2600,20128,0.27722772277227725
3500,25388,0.3137254901960784
4400,31050,0.38
5300,37072,0.37
6200,42876,0.3431372549019608
7100,48605,0.44554455445544555
8000,54409,0.43564356435643564
8900,60252,0.43
9800,66120,0.37623762376237624
10700,71968,0.4215686274509804
11600,77716,0.49019607843137253
12500,83324,0.4174757281553398
13400,89189,0.5098039215686274
