elapsed_episodes,handled_experiences,winrate
800,7467,0.19
1700,13647,0.2815533980582524
2600,19812,0.24509803921568626
3500,25886,0.37
4400,31936,0.37142857142857144
5300,37647,0.4117647058823529
6200,42997,0.47
7100,48663,0.37254901960784315
8000,54289,0.38
8900,59982,0.42
9800,65656,0.48514851485148514
10700,71221,0.44
11600,76765,0.4158415841584158
12500,82399,0.49019607843137253
13400,87876,0.55
