elapsed_episodes,handled_experiences,winrate
800,9349,0.19
1700,16001,0.23
2600,22334,0.27884615384615385
3500,28551,0.44
4400,34267,0.3592233009708738
5300,39823,0.38461538461538464
6200,45188,0.3300970873786408
7100,50453,0.46534653465346537
8000,55361,0.43564356435643564
8900,60289,0.5865384615384616
