elapsed_episodes,handled_experiences,winrate
800,7561,0.3235294117647059
1700,13749,0.34
2600,19719,0.4077669902912621
3500,25389,0.5196078431372549
