elapsed_episodes,handled_experiences,winrate
800,7023,0.12745098039215685
1700,13626,0.15
2600,19972,0.3333333333333333
3500,26260,0.31683168316831684
4400,32375,0.3137254901960784
5300,38278,0.42
6200,44022,0.4019607843137255
7100,49874,0.4411764705882353
8000,55602,0.37
8900,61348,0.5098039215686274
