elapsed_episodes,handled_experiences,winrate
800,8072,0.08490566037735849
1700,14371,0.19
2600,21048,0.18446601941747573
3500,27102,0.19801980198019803
4400,33244,0.37
5300,39791,0.33663366336633666
6200,46408,0.3564356435643564
7100,53385,0.4019607843137255
8000,59751,0.32
8900,65955,0.4174757281553398
9800,72003,0.46
10700,78230,0.46
11600,84329,0.4854368932038835
12500,90435,0.5048543689320388
