elapsed_episodes,handled_experiences,winrate
800,7360,0.1568627450980392
1700,13496,0.39
2600,19227,0.36
3500,24836,0.4158415841584158
4400,30427,0.44554455445544555
5300,36233,0.4752475247524752
6200,41740,0.4752475247524752
7100,47349,0.5196078431372549
