elapsed_episodes,handled_experiences,winrate
800,6589,0.12871287128712872
1700,13352,0.20588235294117646
2600,18908,0.3
3500,24124,0.34
4400,29242,0.40594059405940597
5300,34152,0.45098039215686275
6200,39023,0.4423076923076923
7100,43727,0.33663366336633666
8000,48651,0.47
8900,53416,0.45098039215686275
9800,58244,0.5339805825242718
