elapsed_episodes,handled_experiences,winrate
800,7564,0.1619047619047619
1700,13829,0.28431372549019607
2600,19558,0.39603960396039606
3500,25065,0.46534653465346537
4400,30672,0.53
