elapsed_episodes,handled_experiences,winrate
800,7218,0.18
1700,13260,0.3069306930693069
2600,19361,0.38
3500,24793,0.40594059405940597
4400,30144,0.53
