elapsed_episodes,handled_experiences,winrate
800,6696,0.18811881188118812
1700,12265,0.4117647058823529
2600,16917,0.39215686274509803
3500,21168,0.48
4400,25578,0.52
