elapsed_episodes,handled_experiences,winrate
800,8705,0.09615384615384616
1700,14897,0.28
2600,20547,0.36538461538461536
3500,24910,0.5631067961165048
