elapsed_episodes,handled_experiences,winrate
800,8343,0.2
1700,14211,0.29411764705882354
2600,18365,0.3465346534653465
3500,22285,0.36893203883495146
4400,26068,0.5294117647058824
