elapsed_episodes,handled_experiences,winrate
800,7428,0.0891089108910891
1700,14412,0.2549019607843137
2600,20891,0.32
3500,27741,0.26732673267326734
4400,34026,0.2871287128712871
5300,40541,0.35
6200,46301,0.39603960396039606
7100,52144,0.46534653465346537
8000,57947,0.4854368932038835
8900,63476,0.42574257425742573
9800,69142,0.36633663366336633
10700,74731,0.47
11600,80299,0.42718446601941745
12500,85963,0.4056603773584906
13400,91548,0.5242718446601942
