elapsed_episodes,handled_experiences,winrate
800,6839,0.10679611650485436
1700,15053,0.22772277227722773
2600,21907,0.29
3500,28114,0.28
4400,34037,0.24752475247524752
5300,40255,0.3300970873786408
6200,46578,0.297029702970297
7100,53001,0.5247524752475248
