elapsed_episodes,handled_experiences,winrate
800,7424,0.09900990099009901
1700,13978,0.18811881188118812
2600,21084,0.21782178217821782
3500,27888,0.35
4400,34388,0.28
5300,40905,0.4077669902912621
6200,47544,0.3786407766990291
7100,53785,0.3137254901960784
8000,60165,0.3786407766990291
8900,66289,0.36
9800,72529,0.39603960396039606
10700,78892,0.42
11600,85121,0.43137254901960786
12500,91484,0.49
13400,97549,0.56
