elapsed_episodes,handled_experiences,winrate
800,8039,0.06
1700,14543,0.15
2600,20034,0.24271844660194175
3500,24937,0.3076923076923077
4400,29744,0.31
5300,34275,0.4215686274509804
6200,38727,0.37
7100,43099,0.3333333333333333
8000,47471,0.51
