elapsed_episodes,handled_experiences,winrate
800,7443,0.09523809523809523
1700,14843,0.18
2600,21800,0.297029702970297
3500,28252,0.36
4400,34366,0.30392156862745096
5300,40799,0.3300970873786408
6200,47112,0.3883495145631068
7100,53027,0.39603960396039606
8000,59242,0.43
8900,64862,0.51
