elapsed_episodes,handled_experiences,winrate
800,7689,0.10891089108910891
1700,14631,0.1792452830188679
2600,21351,0.31683168316831684
3500,27283,0.33
4400,33156,0.35
5300,38961,0.38
6200,44409,0.46534653465346537
7100,49732,0.51
