elapsed_episodes,handled_experiences,winrate
798,8816,0.058823529411764705
1695,16900,0.10784313725490197
2592,25405,0.16161616161616163
3489,33584,0.2912621359223301
4386,40465,0.22772277227722773
5283,47282,0.3434343434343434
6180,54463,0.3867924528301887
7077,61168,0.3333333333333333
7974,67914,0.49019607843137253
8871,74641,0.4752475247524752
9768,81088,0.37373737373737376
10665,88154,0.4519230769230769
11562,94910,0.5
