elapsed_episodes,handled_experiences,winrate
798,6654,0.06930693069306931
1695,13330,0.1262135922330097
2592,20035,0.2169811320754717
3489,26555,0.19047619047619047
4386,33461,0.25252525252525254
5283,40528,0.27722772277227725
6180,47461,0.32075471698113206
7077,54217,0.4807692307692308
7974,61114,0.3557692307692308
8871,68013,0.34951456310679613
9768,74944,0.3465346534653465
10665,81787,0.5333333333333333
