elapsed_episodes,handled_experiences,winrate
800,7101,0.13592233009708737
1700,11429,0.2376237623762376
2600,14882,0.3564356435643564
3500,18337,0.5784313725490197
