elapsed_episodes,handled_experiences,winrate
800,4874,0.09
1700,11651,0.14
2600,19205,0.18811881188118812
3500,25261,0.24
4400,30903,0.31
5300,36515,0.3
6200,43003,0.24
7100,49594,0.39215686274509803
8000,55646,0.34285714285714286
8900,61786,0.41
9800,68113,0.4174757281553398
10700,74440,0.37
11600,80521,0.40384615384615385
12500,86857,0.37254901960784315
13400,93143,0.43137254901960786
14300,99576,0.4019607843137255
15200,105650,0.3627450980392157
16100,112016,0.53
