elapsed_episodes,handled_experiences,winrate
800,7085,0.11320754716981132
1700,13254,0.17
2600,19856,0.3
3500,25518,0.37623762376237624
4400,30886,0.31
5300,36355,0.43564356435643564
6200,41609,0.43
7100,46861,0.5
