elapsed_episodes,handled_experiences,winrate
800,6756,0.13
1700,13432,0.2376237623762376
2600,20005,0.2549019607843137
3500,26018,0.29
4400,32136,0.34285714285714286
5300,38302,0.39215686274509803
6200,44570,0.36893203883495146
7100,51533,0.38
8000,57444,0.46534653465346537
8900,62834,0.49504950495049505
9800,68324,0.43137254901960786
10700,73873,0.5392156862745098
