elapsed_episodes,handled_experiences,winrate
800,7690,0.22772277227722773
1700,13451,0.41509433962264153
2600,19056,0.37
3500,23703,0.4174757281553398
4400,28194,0.48514851485148514
5300,32705,0.6831683168316832
