elapsed_episodes,handled_experiences,winrate
800,5370,0.3
1700,9229,0.3333333333333333
2600,12702,0.31683168316831684
3500,16172,0.6095238095238096
