elapsed_episodes,handled_experiences,winrate
800,8502,0.21
1700,15568,0.21782178217821782
2600,22192,0.2912621359223301
3500,28700,0.39215686274509803
4400,34940,0.33663366336633666
5300,40743,0.4
6200,47023,0.4752475247524752
7100,52998,0.49514563106796117
8000,58649,0.43137254901960786
8900,64610,0.4215686274509804
9800,70008,0.47115384615384615
10700,75375,0.52
