elapsed_episodes,handled_experiences,winrate
800,7092,0.09
1700,14981,0.28
2600,21244,0.21568627450980393
3500,28470,0.41
4400,35405,0.4158415841584158
5300,42606,0.46153846153846156
6200,49553,0.45
7100,56499,0.5
