elapsed_episodes,handled_experiences,winrate
800,8635,0.21
1700,15392,0.23529411764705882
2600,21915,0.38235294117647056
3500,27427,0.34951456310679613
4400,32685,0.37623762376237624
5300,38387,0.5148514851485149
