elapsed_episodes,handled_experiences,winrate
798,8477,0.0660377358490566
1695,15206,0.3333333333333333
2592,21746,0.39215686274509803
3489,27599,0.3090909090909091
4386,33646,0.44660194174757284
5283,39283,0.3490566037735849
6180,44874,0.5294117647058824
