elapsed_episodes,handled_experiences,winrate
800,8879,0.19801980198019803
1700,13802,0.16831683168316833
2600,18130,0.28
3500,21543,0.4174757281553398
4400,24930,0.5288461538461539
