elapsed_episodes,handled_experiences,winrate
800,9107,0.1553398058252427
1700,17384,0.23
2600,24635,0.21782178217821782
3500,31717,0.30097087378640774
4400,39197,0.30392156862745096
5300,46066,0.34951456310679613
6200,52621,0.3465346534653465
7100,58715,0.39603960396039606
8000,64670,0.44
8900,70503,0.5
