elapsed_episodes,handled_experiences,winrate
800,8728,0.09900990099009901
1700,16835,0.13
2600,24296,0.11764705882352941
3500,31644,0.2871287128712871
4400,39222,0.3
5300,46763,0.2871287128712871
6200,54241,0.3465346534653465
7100,61750,0.34
8000,69083,0.41
8900,76500,0.3465346534653465
9800,84019,0.48
10700,91495,0.4803921568627451
11600,99024,0.41
12500,106241,0.45
13400,113206,0.4158415841584158
14300,120303,0.44660194174757284
15200,127282,0.4158415841584158
16100,134502,0.5784313725490197
