elapsed_episodes,handled_experiences,winrate
798,7635,0.05825242718446602
1695,15369,0.2
2592,22101,0.16346153846153846
3489,28883,0.23529411764705882
4386,35312,0.3333333333333333
5283,41305,0.2871287128712871
6180,47384,0.42718446601941745
7077,53641,0.3055555555555556
7974,59748,0.4368932038834951
8871,65473,0.34951456310679613
9768,71560,0.3564356435643564
10665,77678,0.42
11562,83847,0.28846153846153844
12459,90048,0.5196078431372549
