elapsed_episodes,handled_experiences,winrate
800,7355,0.13861386138613863
1700,13115,0.24752475247524752
2600,18394,0.37
3500,23756,0.43
4400,28542,0.4215686274509804
5300,33453,0.41
6200,37840,0.37623762376237624
7100,42109,0.4752475247524752
8000,46694,0.43137254901960786
8900,51044,0.40594059405940597
9800,55335,0.4854368932038835
10700,59784,0.52
