elapsed_episodes,handled_experiences,winrate
800,7397,0.16
1700,13220,0.38
2600,18567,0.39215686274509803
3500,23632,0.43
4400,28517,0.5728155339805825
