elapsed_episodes,handled_experiences,winrate
798,7909,0.05714285714285714
1695,16463,0.07920792079207921
2592,24386,0.2871287128712871
3489,32319,0.3888888888888889
4386,39596,0.28
5283,46725,0.31
6180,53830,0.2641509433962264
7077,60564,0.4326923076923077
7974,67504,0.3584905660377358
8871,74443,0.4074074074074074
9768,81689,0.4807692307692308
10665,88626,0.42
11562,95739,0.4215686274509804
12459,102566,0.39603960396039606
13356,109648,0.44761904761904764
14253,116672,0.5445544554455446
