elapsed_episodes,handled_experiences,winrate
800,8049,0.1346153846153846
1700,13865,0.20388349514563106
2600,18973,0.2524271844660194
3500,23935,0.36633663366336633
4400,28398,0.35
5300,32384,0.297029702970297
6200,36097,0.38613861386138615
7100,39790,0.40594059405940597
8000,43482,0.43
8900,46992,0.5096153846153846
