elapsed_episodes,handled_experiences,winrate
800,9192,0.07766990291262135
1700,18098,0.1485148514851485
2600,25749,0.22330097087378642
3500,33131,0.31
4400,39298,0.2871287128712871
5300,45006,0.40384615384615385
6200,50355,0.36
7100,55766,0.42574257425742573
8000,61037,0.3627450980392157
8900,66390,0.48
9800,71600,0.41
10700,76810,0.47
11600,82119,0.5377358490566038
