elapsed_episodes,handled_experiences,winrate
800,6269,0.06
1700,13934,0.13861386138613863
2600,20411,0.28431372549019607
3500,25415,0.32
4400,30087,0.28
5300,34677,0.33653846153846156
6200,38786,0.4019607843137255
7100,42897,0.39805825242718446
8000,47069,0.48
8900,51180,0.44554455445544555
9800,55291,0.5392156862745098
