elapsed_episodes,handled_experiences,winrate
800,7943,0.12745098039215685
1700,13642,0.2376237623762376
2600,19605,0.35
3500,24971,0.4368932038834951
4400,29629,0.3786407766990291
5300,33893,0.38095238095238093
6200,37681,0.36633663366336633
7100,41195,0.4117647058823529
8000,44687,0.41
8900,48143,0.45714285714285713
9800,51477,0.53
