elapsed_episodes,handled_experiences,winrate
800,6772,0.14
1700,13547,0.13
2600,20231,0.18
3500,25679,0.37254901960784315
4400,30068,0.3069306930693069
5300,34095,0.36633663366336633
6200,38226,0.49019607843137253
7100,42174,0.42718446601941745
8000,46008,0.4077669902912621
8900,49818,0.43564356435643564
9800,53729,0.4519230769230769
10700,57638,0.4666666666666667
11600,61231,0.53
