elapsed_episodes,handled_experiences,winrate
800,7364,0.1568627450980392
1700,12432,0.30392156862745096
2600,16958,0.38
3500,20865,0.4326923076923077
4400,24401,0.5294117647058824
