elapsed_episodes,handled_experiences,winrate
800,7714,0.2
1700,14276,0.3235294117647059
2600,20160,0.43
3500,26128,0.4854368932038835
4400,31438,0.53
