elapsed_episodes,handled_experiences,winrate
798,8302,0.06930693069306931
1695,15995,0.12037037037037036
2592,23351,0.19607843137254902
3489,30423,0.3069306930693069
4386,37379,0.3090909090909091
5283,44567,0.25742574257425743
6180,51591,0.3
7077,58502,0.3627450980392157
7974,65205,0.45098039215686275
8871,71862,0.38
9768,78620,0.47115384615384615
10665,85662,0.42990654205607476
11562,92086,0.4
12459,98852,0.3333333333333333
13356,105354,0.5283018867924528
