elapsed_episodes,handled_experiences,winrate
800,6065,0.25742574257425743
1700,12530,0.37623762376237624
2600,18295,0.54
