elapsed_episodes,handled_experiences,winrate
800,7628,0.1485148514851485
1700,13609,0.24
2600,19713,0.39
3500,25195,0.4423076923076923
4400,30838,0.34951456310679613
5300,36207,0.5333333333333333
