elapsed_episodes,handled_experiences,winrate
800,5886,0.0891089108910891
1700,12903,0.15
2600,20086,0.3069306930693069
3500,27065,0.38
4400,33485,0.42574257425742573
5300,39821,0.52
