elapsed_episodes,handled_experiences,winrate
800,7224,0.0784313725490196
1700,13613,0.21782178217821782
2600,19085,0.24
3500,24390,0.30392156862745096
4400,29500,0.32
5300,34626,0.33663366336633666
6200,39743,0.47572815533980584
7100,44598,0.48514851485148514
8000,49449,0.39603960396039606
8900,54297,0.43564356435643564
9800,59107,0.45098039215686275
10700,63899,0.5048543689320388
