elapsed_episodes,handled_experiences,winrate
800,8171,0.1188118811881188
1700,15372,0.19
2600,22246,0.22
3500,29208,0.21153846153846154
4400,35971,0.2871287128712871
5300,42012,0.29
6200,48334,0.3465346534653465
7100,54521,0.43564356435643564
8000,60747,0.47058823529411764
8900,66853,0.5242718446601942
