elapsed_episodes,handled_experiences,winrate
800,8285,0.14
1700,15523,0.18811881188118812
2600,22225,0.36633663366336633
3500,28576,0.38
4400,34734,0.41
5300,40876,0.54
