elapsed_episodes,handled_experiences,winrate
798,7655,0.08737864077669903
1695,14254,0.11764705882352941
2592,21134,0.3425925925925926
3489,27725,0.33962264150943394
4386,34258,0.42857142857142855
5283,40503,0.33
6180,46762,0.43137254901960786
7077,53042,0.43
7974,59462,0.47058823529411764
8871,65633,0.4528301886792453
9768,72009,0.5858585858585859
